<?xml version="1.0" encoding="UTF-8"?>
<project-private xmlns="http://www.netbeans.org/ns/project-private/1">
    <editor-bookmarks xmlns="http://www.netbeans.org/ns/editor-bookmarks/2" lastBookmarkId="0"/>
    <open-files xmlns="http://www.netbeans.org/ns/projectui-open-files/2">
        <group>
            <file>file:/Users/antondahlin/NetBeansProjects/WebApplicationJavaMain/src/java/se/miun/projectjava/entitys/Consultation.java</file>
            <file>file:/Users/antondahlin/NetBeansProjects/WebApplicationJavaMain/web/index.xhtml</file>
            <file>file:/Users/antondahlin/NetBeansProjects/WebApplicationJavaMain/src/java/session/NewCustomerConsultation.java</file>
            <file>file:/Users/antondahlin/NetBeansProjects/WebApplicationJavaMain/src/java/session/ConsultationList.java</file>
            <file>file:/Users/antondahlin/NetBeansProjects/WebApplicationJavaMain/src/java/session/CustomerList.java</file>
            <file>file:/Users/antondahlin/NetBeansProjects/WebApplicationJavaMain/src/java/se/miun/projectjava/entitys/Customer.java</file>
        </group>
    </open-files>
</project-private>
